codigo barras(EAN13),Nombre ,Marca,Modelo,Categoria,Sub Categoria,un. Medida,Catidad,Contenido,Un Contenido
4895138520386,Termoventilador Vertical,Kendal,FH103T-S,Electrodomestico,calefactor,unidad,1,1,articulo
7613035311565,Nescafe Tradicion 3 en 1,Nestle,,Alimento,Bebida en polvo,sobre,1,24,gr
2504001033015,BrainUp 10,Aben Inc.,,Alimento,Suplemento Alimenticio,Capsulas,60,300,mg
4005800066344,Eucerin Sun Spray,Beiersdorf,,Farmaceutico,Protector Solar,frasco,1,200,ml
7806500981565,Alcohol Spray para manos,Elite,,Farmaceutico,Higienizante,botella,1,75,ml
6940975982175,White Board Marker,Xin Lu,XL-2007,Articulo Oficina,marcador,unidad,1,1,articulo